filename,actor,year,period,genre,dominant_vector,secondary_vector,configuration,attractor_strength,total_score,gap,review_status,metadata_status,interpretation_status,notes
2001-12-22_23_Mensaje_Presidencial_Rodrxguez_Sax_Asuncixn.txt,Adolfo Rodríguez Saá,2001.0,8. Menemismo y colapso (1989–2002),apertura,paternalismo,mesianismo,paternalismo+mesianismo,strong,18.788,4.084,not_in_active_queue,clean,usable,
Mensaje Presidencial 2020.txt,Alberto Fernández,2020.0,11. Albertismo (2019–2023),apertura,tecnocracia,paternalismo,tecnocracia+paternalismo,medium,35.817,0.873,not_in_active_queue,clean,usable,NB05 ambiguity flag (secondary vector near co-dominant)
Mensaje Presidencial 2021.txt,Alberto Fernández,2021.0,11. Albertismo (2019–2023),apertura,paternalismo,tecnocracia,paternalismo+tecnocracia,medium,26.178,2.982,not_in_active_queue,clean,usable,NB05 ambiguity flag (secondary vector near co-dominant)
Mensaje Presidencial 2022.txt,Alberto Fernández,2022.0,11. Albertismo (2019–2023),apertura,paternalismo,tecnocracia,paternalismo+tecnocracia,medium,37.995,1.49,cleared_provisional,clean,usable_provisional,"near-tie cleared_provisional (gap=1.49, 3.9% of total)"
MENSAJE PRESIDENCIAL 1990.txt,Carlos Menem,1990.0,8. Menemismo y colapso (1989–2002),apertura,paternalismo,tecnocracia,paternalismo+tecnocracia,medium,52.822,9.019,not_in_active_queue,clean,usable,
MENSAJE PRESIDENCIAL 1991.txt,Carlos Menem,1991.0,8. Menemismo y colapso (1989–2002),apertura,paternalismo,tecnocracia,paternalismo+tecnocracia,strong,28.692,8.438,not_in_active_queue,clean,usable,
MENSAJE PRESIDENCIAL 1992.txt,Carlos Menem,1992.0,8. Menemismo y colapso (1989–2002),apertura,paternalismo,tecnocracia,paternalismo+tecnocracia,strong,98.679,48.91,not_in_active_queue,clean,usable,
MENSAJE PRESIDENCIAL 1993.txt,Carlos Menem,1993.0,8. Menemismo y colapso (1989–2002),apertura,paternalismo,tecnocracia,paternalismo+tecnocracia,medium,23.686,3.384,not_in_active_queue,clean,usable,
MENSAJE PRESIDENCIAL 1994.txt,Carlos Menem,1994.0,8. Menemismo y colapso (1989–2002),apertura,paternalismo,tecnocracia,paternalismo+tecnocracia,medium,55.392,4.672,cleared_provisional,clean,usable_provisional,possible_overcorrection cleared_provisional; calibration flip noted; NB05 ambiguity flag (secondary vector near co-dominant)
1995-07-08_Mensaje_Presidencial_Menem_Asuncixn.txt,Carlos Menem,1995.0,8. Menemismo y colapso (1989–2002),apertura,paternalismo,tecnocracia,paternalismo+tecnocracia,weak,11.325,2.265,not_in_active_queue,clean,usable,
MENSAJE PRESIDENCIAL 1995.txt,Carlos Menem,1995.0,8. Menemismo y colapso (1989–2002),apertura,paternalismo,tecnocracia,paternalismo+tecnocracia,medium,82.893,0.911,cleared_provisional,clean,usable_provisional,"near-tie cleared_provisional (gap=0.911, 1.1% of total)"
MENSAJE PRESIDENCIAL 1996.txt,Carlos Menem,1996.0,8. Menemismo y colapso (1989–2002),apertura,paternalismo,none,paternalismo+none,weak,32.458,32.458,not_in_active_queue,clean,usable,
MENSAJE PRESIDENCIAL 1997.txt,Carlos Menem,1997.0,8. Menemismo y colapso (1989–2002),apertura,tecnocracia,paternalismo,tecnocracia+paternalismo,medium,100.825,1.833,not_in_active_queue,clean,usable,NB05 ambiguity flag (secondary vector near co-dominant)
1998-03-01_Mensaje_Presidencial_Menem.txt,Carlos Menem,1998.0,8. Menemismo y colapso (1989–2002),apertura,paternalismo,tecnocracia,paternalismo+tecnocracia,strong,66.655,22.219,not_in_active_queue,clean,usable,
1999-03-01_Mensaje_Presidencial_Menem.txt,Carlos Menem,1999.0,8. Menemismo y colapso (1989–2002),apertura,paternalismo,tecnocracia,paternalismo+tecnocracia,strong,35.559,11.451,not_in_active_queue,clean,usable,
Asunción.Cristina.2007.txt,Cristina Fernández de Kirchner,2007.0,9. Kirchnerismo (2003–2015),apertura,paternalismo,tecnocracia,paternalismo+tecnocracia,strong,44.12,21.101,not_in_active_queue,clean,usable,
MENSAJE PRESIDENCIAL.2008.txt,Cristina Fernández de Kirchner,2008.0,9. Kirchnerismo (2003–2015),apertura,tecnocracia,paternalismo,tecnocracia+paternalismo,strong,49.078,38.408,not_in_active_queue,clean,usable,
2010-03-01 Mensaje Presidencial Fernandez.txt,Cristina Fernández de Kirchner,2010.0,9. Kirchnerismo (2003–2015),apertura,paternalismo,tecnocracia,paternalismo+tecnocracia,strong,17.927,7.683,not_in_active_queue,clean,usable,
2011-03-01 Mensaje Presidencial Fernandez.txt,Cristina Fernández de Kirchner,2011.0,9. Kirchnerismo (2003–2015),apertura,tecnocracia,paternalismo,tecnocracia+paternalismo,strong,66.326,19.31,not_in_active_queue,clean,usable,
Asunción.Cristina.2011.txt,Cristina Fernández de Kirchner,2011.0,9. Kirchnerismo (2003–2015),apertura,tecnocracia,paternalismo,tecnocracia+paternalismo,strong,21.236,10.619,not_in_active_queue,clean,usable,
2012-03-01 Mensaje Presidencial Fernandez.txt,Cristina Fernández de Kirchner,2012.0,9. Kirchnerismo (2003–2015),apertura,paternalismo,tecnocracia,paternalismo+tecnocracia,strong,18.083,4.931,not_in_active_queue,clean,usable,
2013-03-01_Asamblea_Legislativa-Fernandez.txt,Cristina Fernández de Kirchner,2013.0,9. Kirchnerismo (2003–2015),apertura,paternalismo,tecnocracia,paternalismo+tecnocracia,medium,36.965,6.607,not_in_active_queue,clean,usable,
2014-03-01_Asamblea_Legislativa-Fernandez.txt,Cristina Fernández de Kirchner,2014.0,9. Kirchnerismo (2003–2015),apertura,paternalismo,tecnocracia,paternalismo+tecnocracia,medium,37.341,0.983,cleared_provisional,clean,usable_provisional,"near-tie cleared_provisional (gap=0.983, 2.6% of total)"
2015-03-01_Asamblea_Legislativa-Fernandez.txt,Cristina Fernández de Kirchner,2015.0,10. Macrismo (2015–2019),apertura,paternalismo,tecnocracia,paternalismo+tecnocracia,medium,30.637,5.913,not_in_active_queue,clean,usable,
2002-01-01_Mensaje_Presidencial_Duhalde_Asuncixn.txt,Eduardo Duhalde,2002.0,8. Menemismo y colapso (1989–2002),apertura,paternalismo,mesianismo,paternalismo+mesianismo,strong,25.542,4.257,not_in_active_queue,clean,usable,
2002-03-01_Mensaje_Presidencial_Duhalde.txt,Eduardo Duhalde,2002.0,8. Menemismo y colapso (1989–2002),apertura,tecnocracia,paternalismo,tecnocracia+paternalismo,medium,89.519,3.018,not_in_active_queue,clean,usable,NB05 ambiguity flag (secondary vector near co-dominant)
2003-03-01_Mensaje_Presidencial_Duhalde.txt,Eduardo Duhalde,2003.0,9. Kirchnerismo (2003–2015),apertura,tecnocracia,paternalismo,tecnocracia+paternalismo,medium,33.424,2.089,not_in_active_queue,clean,usable,NB05 ambiguity flag (secondary vector near co-dominant)
1999-12-10_Mensaje_presidencial_de_la_Rua_Asuncixn.txt,Fernando de la Rúa,1999.0,8. Menemismo y colapso (1989–2002),apertura,paternalismo,tecnocracia,paternalismo+tecnocracia,medium,45.645,7.607,not_in_active_queue,clean,usable,
2000-03-01_Mensaje_Presidencial_de_la_Rua.txt,Fernando de la Rúa,2000.0,8. Menemismo y colapso (1989–2002),apertura,paternalismo,tecnocracia,paternalismo+tecnocracia,strong,54.476,11.843,not_in_active_queue,clean,usable,
2001-03-01_Mensaje_Presidencial_de_la_Rua.txt,Fernando de la Rúa,2001.0,8. Menemismo y colapso (1989–2002),apertura,tecnocracia,paternalismo,tecnocracia+paternalismo,medium,67.191,3.803,not_in_active_queue,clean,usable,NB05 ambiguity flag (secondary vector near co-dominant)
2024_Mensaje_Asamblea_Legislativa_Milei.txt,Javier Milei,2024.0,12. Libertarismo (2024–),apertura,tecnocracia,mesianismo,tecnocracia+mesianismo,medium,41.125,2.223,not_in_active_queue,clean,usable,NB05 ambiguity flag (secondary vector near co-dominant)
2025_Mensaje_Asamblea_Legislativa_Milei.txt,Javier Milei,2025.0,12. Libertarismo (2024–),apertura,tecnocracia,mesianismo,tecnocracia+mesianismo,strong,44.543,7.33,not_in_active_queue,clean,usable,
2015-12-10_Mensaje_Presidencial_Macri_Asuncixn.txt,Mauricio Macri,2015.0,10. Macrismo (2015–2019),apertura,paternalismo,tecnocracia,paternalismo+tecnocracia,strong,37.162,16.892,not_in_active_queue,clean,usable,
2016-03-01_Asamblea_Legislativa-Macri.txt,Mauricio Macri,2016.0,10. Macrismo (2015–2019),apertura,tecnocracia,paternalismo,tecnocracia+paternalismo,strong,43.11,17.244,not_in_active_queue,clean,usable,
2017-03-01-Asamblea-Legislativa-Macri.txt,Mauricio Macri,2017.0,10. Macrismo (2015–2019),apertura,tecnocracia,paternalismo,tecnocracia+paternalismo,strong,65.63,27.634,not_in_active_queue,clean,usable,
01.03.2018As.txt,Mauricio Macri,2018.0,10. Macrismo (2015–2019),apertura,paternalismo,tecnocracia,paternalismo+tecnocracia,indeterminate,10.44,2.088,cleared_provisional,clean,usable_low_weight,low-weight: indeterminate attractor retained after manual review; requires_manual_reading cleared_provisional after human text review
Mensaje Presidencial 2019.txt,Alberto Fernández,2019.0,11. Albertismo (2019–2023),apertura,tecnocracia,paternalismo,tecnocracia+paternalismo,indeterminate,30.335,0.0,still_ambiguous,corrected_v0_2,usable_low_weight,actor corrected 2026-04-29: was Macri → Alberto Fernández
VT-01-03-2019-AS-00.txt,Mauricio Macri,2019.0,11. Albertismo (2019–2023),apertura,tecnocracia,paternalismo,tecnocracia+paternalismo,strong,20.285,7.244,not_in_active_queue,clean,usable,
2003-05-25_Mensaje_Presidencial_Kirchner_Asuncixn.txt,Néstor Kirchner,2003.0,9. Kirchnerismo (2003–2015),apertura,paternalismo,tecnocracia,paternalismo+tecnocracia,medium,67.379,3.873,cleared_provisional,clean,usable_provisional,possible_overcorrection cleared_provisional; calibration flip noted; NB05 ambiguity flag (secondary vector near co-dominant)
2004-03-01_Mensaje_Presidencial_Kirchner.txt,Néstor Kirchner,2004.0,9. Kirchnerismo (2003–2015),apertura,paternalismo,tecnocracia,paternalismo+tecnocracia,strong,39.528,10.696,not_in_active_queue,clean,usable,
2005-03-01_Mensaje_Presidencial_Kirchner.txt,Néstor Kirchner,2005.0,9. Kirchnerismo (2003–2015),apertura,tecnocracia,paternalismo,tecnocracia+paternalismo,medium,50.05,3.96,not_in_active_queue,clean,usable,NB05 ambiguity flag (secondary vector near co-dominant)
2006-03-01_Mensaje_Presidencial_Kirchner.txt,Néstor Kirchner,2006.0,9. Kirchnerismo (2003–2015),apertura,tecnocracia,paternalismo,tecnocracia+paternalismo,medium,77.18,6.601,not_in_active_queue,clean,usable,NB05 ambiguity flag (secondary vector near co-dominant)
2007-03-01_Mensaje_Presidencial_Kirchner.txt,Néstor Kirchner,2007.0,9. Kirchnerismo (2003–2015),apertura,tecnocracia,paternalismo,tecnocracia+paternalismo,medium,56.606,0.935,not_in_active_queue,clean,usable,NB05 ambiguity flag (secondary vector near co-dominant)
1983-12-10_Mensaje_Presidencial_Alfonsin_Asuncixn.txt,Raúl Alfonsín,1983.0,7. Transición democrática (1983–1989),apertura,tecnocracia,paternalismo,tecnocracia+paternalismo,medium,39.249,6.069,not_in_active_queue,clean,usable,
MENSAJE PRESIDENCIAL 1984.txt,Raúl Alfonsín,1984.0,7. Transición democrática (1983–1989),apertura,paternalismo,tecnocracia,paternalismo+tecnocracia,medium,41.304,5.744,not_in_active_queue,clean,usable,NB05 ambiguity flag (secondary vector near co-dominant)
MENSAJE PRESIDENCIAL 1985.txt,Raúl Alfonsín,1985.0,7. Transición democrática (1983–1989),apertura,paternalismo,tecnocracia,paternalismo+tecnocracia,medium,69.05,0.822,cleared_provisional,clean,usable_provisional,"near-tie cleared_provisional (gap=0.822, 1.2% of total)"
MENSAJE PRESIDENCIAL 1986.txt,Raúl Alfonsín,1986.0,7. Transición democrática (1983–1989),apertura,tecnocracia,paternalismo,tecnocracia+paternalismo,strong,40.899,6.817,not_in_active_queue,clean,usable,
MENSAJE PRESIDENCIAL 1987.txt,Raúl Alfonsín,1987.0,7. Transición democrática (1983–1989),apertura,tecnocracia,paternalismo,tecnocracia+paternalismo,strong,25.142,9.733,not_in_active_queue,clean,usable,
1988-12-21_Asamblea_Legislativa_Extraordinaria_Alfonsin.txt,Raúl Alfonsín,1988.0,7. Transición democrática (1983–1989),apertura,tecnocracia,mesianismo,tecnocracia+mesianismo,indeterminate,11.64,0.0,cleared_provisional,clean,usable_low_weight,low-weight: indeterminate attractor retained after manual review; requires_manual_reading cleared_provisional after human text review
MENSAJE PRESIDENCIAL 1988.txt,Raúl Alfonsín,1988.0,7. Transición democrática (1983–1989),apertura,tecnocracia,paternalismo,tecnocracia+paternalismo,medium,62.812,4.332,not_in_active_queue,clean,usable,NB05 ambiguity flag (secondary vector near co-dominant)
MENSAJE PRESIDENCIAL 1989.txt,Raúl Alfonsín,1989.0,8. Menemismo y colapso (1989–2002),apertura,mesianismo,tecnocracia,mesianismo+tecnocracia,medium,31.984,3.199,not_in_active_queue,clean,usable,
