filename,vector,total_strength,positive_strength,positive_signals,exterior_signals,low_confidence,positive_retention,leadership_score,positive_function_count,raw_score,adjusted_mass_score
1983-12-10_Mensaje_Presidencial_Alfonsin_Asuncixn.txt,tecnocracia,74.0,73.0,30.0,1.0,1.0,0.9864864864864865,0.20913294797687862,3.0,21.445,21.155202702702702
1983-12-10_Mensaje_Presidencial_Alfonsin_Asuncixn.txt,mesianismo,6.0,6.0,3.0,0.0,0.0,1.0,0.2890173410404624,2.0,2.428,2.428
1983-12-10_Mensaje_Presidencial_Alfonsin_Asuncixn.txt,paternalismo,38.0,34.4,15.0,0.0,0.0,0.9052631578947368,0.3336416184971098,3.0,15.376,13.919326315789473
MENSAJE PRESIDENCIAL 1984.txt,tecnocracia,46.0,46.0,21.0,0.0,0.0,1.0,0.20913294797687862,3.0,17.78,17.78
MENSAJE PRESIDENCIAL 1984.txt,mesianismo,0.0,0.0,0.0,0.0,0.0,0.0,0.0,0.0,0.0,0.0
MENSAJE PRESIDENCIAL 1984.txt,paternalismo,43.0,37.0,16.0,3.0,0.0,0.8604651162790697,0.20647398843930637,2.0,23.524,20.241581395348838
MENSAJE PRESIDENCIAL 1985.txt,tecnocracia,57.0,57.0,22.0,0.0,1.0,1.0,0.20913294797687862,3.0,30.415,30.415
MENSAJE PRESIDENCIAL 1985.txt,mesianismo,9.0,9.0,3.0,0.0,0.0,1.0,0.27167630057803466,2.0,7.398,7.398
MENSAJE PRESIDENCIAL 1985.txt,paternalismo,38.0,32.15,14.0,0.0,0.0,0.8460526315789473,0.23095375722543351,3.0,31.237,26.428146052631575
MENSAJE PRESIDENCIAL 1986.txt,tecnocracia,34.0,32.0,13.0,1.0,0.0,0.9411764705882353,0.1239306358381503,2.0,18.935,17.821176470588235
MENSAJE PRESIDENCIAL 1986.txt,mesianismo,13.0,13.0,6.0,0.0,0.0,1.0,0.1445086705202312,1.0,9.846,9.846
MENSAJE PRESIDENCIAL 1986.txt,paternalismo,16.0,16.0,6.0,0.0,0.0,1.0,0.20647398843930637,2.0,12.118,12.118
MENSAJE PRESIDENCIAL 1987.txt,tecnocracia,23.0,21.0,8.0,1.0,0.0,0.9130434782608695,0.06196531791907515,1.0,16.221,14.810478260869564
MENSAJE PRESIDENCIAL 1987.txt,mesianismo,3.0,3.0,1.0,0.0,0.0,1.0,0.1445086705202312,1.0,2.433,2.433
MENSAJE PRESIDENCIAL 1987.txt,paternalismo,8.0,8.0,3.0,0.0,0.0,1.0,0.1445086705202312,1.0,6.488,6.488
1988-12-21_Asamblea_Legislativa_Extraordinaria_Alfonsin.txt,tecnocracia,3.0,3.0,1.0,0.0,0.0,1.0,0.06196531791907515,1.0,5.82,5.82
1988-12-21_Asamblea_Legislativa_Extraordinaria_Alfonsin.txt,mesianismo,3.0,3.0,1.0,0.0,0.0,1.0,0.1445086705202312,1.0,5.82,5.82
1988-12-21_Asamblea_Legislativa_Extraordinaria_Alfonsin.txt,paternalismo,0.0,0.0,0.0,0.0,0.0,0.0,0.0,0.0,0.0,0.0
MENSAJE PRESIDENCIAL 1988.txt,tecnocracia,42.0,39.0,16.0,1.0,0.0,0.9285714285714286,0.14716763005780348,2.0,33.572,31.174000000000003
MENSAJE PRESIDENCIAL 1988.txt,mesianismo,0.0,0.0,0.0,0.0,0.0,0.0,0.0,0.0,0.0,0.0
MENSAJE PRESIDENCIAL 1988.txt,paternalismo,27.0,24.75,12.0,0.0,0.0,0.9166666666666666,0.20647398843930637,2.0,29.24,26.80333333333333
MENSAJE PRESIDENCIAL 1989.txt,tecnocracia,8.0,8.0,4.0,0.0,0.0,1.0,0.14716763005780348,2.0,9.595,9.595
MENSAJE PRESIDENCIAL 1989.txt,mesianismo,8.0,8.0,4.0,0.0,0.0,1.0,0.2890173410404624,2.0,12.794,12.794
MENSAJE PRESIDENCIAL 1989.txt,paternalismo,6.0,4.65,2.0,0.0,0.0,0.775,0.16898843930635837,2.0,9.595,7.4361250000000005
MENSAJE PRESIDENCIAL 1990.txt,tecnocracia,23.0,22.0,8.0,1.0,0.0,0.9565217391304348,0.06196531791907515,1.0,20.613,19.716782608695652
MENSAJE PRESIDENCIAL 1990.txt,mesianismo,2.0,2.0,1.0,0.0,0.0,1.0,0.12716763005780346,1.0,2.577,2.577
MENSAJE PRESIDENCIAL 1990.txt,paternalismo,23.0,23.0,9.0,0.0,0.0,1.0,0.2509826589595376,3.0,29.632,29.632
MENSAJE PRESIDENCIAL 1991.txt,tecnocracia,6.0,6.0,2.0,0.0,0.0,1.0,0.06196531791907515,1.0,10.127,10.127
MENSAJE PRESIDENCIAL 1991.txt,mesianismo,0.0,0.0,0.0,0.0,0.0,0.0,0.0,0.0,0.0,0.0
MENSAJE PRESIDENCIAL 1991.txt,paternalismo,11.0,11.0,5.0,0.0,0.0,1.0,0.20647398843930637,2.0,18.565,18.565
MENSAJE PRESIDENCIAL 1992.txt,tecnocracia,14.0,14.0,5.0,0.0,0.0,1.0,0.1239306358381503,2.0,21.452,21.452
MENSAJE PRESIDENCIAL 1992.txt,mesianismo,4.0,4.0,2.0,0.0,0.0,1.0,0.27167630057803466,2.0,11.155372404324694,11.155372404324694
MENSAJE PRESIDENCIAL 1992.txt,paternalismo,41.0,39.0,15.0,1.0,0.0,0.9512195121951219,0.20647398843930637,2.0,70.362,66.92970731707317
MENSAJE PRESIDENCIAL 1993.txt,tecnocracia,6.0,6.0,2.0,0.0,0.0,1.0,0.1239306358381503,2.0,10.151,10.151
MENSAJE PRESIDENCIAL 1993.txt,mesianismo,0.0,0.0,0.0,0.0,0.0,0.0,0.0,0.0,3.383713061132416,0.0
MENSAJE PRESIDENCIAL 1993.txt,paternalismo,6.0,6.0,3.0,0.0,0.0,1.0,0.20647398843930637,2.0,13.535,13.535
MENSAJE PRESIDENCIAL 1994.txt,tecnocracia,23.0,23.0,9.0,0.0,0.0,1.0,0.1239306358381503,2.0,22.023,22.023
MENSAJE PRESIDENCIAL 1994.txt,mesianismo,5.0,5.0,2.0,0.0,0.0,1.0,0.2890173410404624,2.0,6.674,6.674
MENSAJE PRESIDENCIAL 1994.txt,paternalismo,20.0,17.0,6.0,1.0,0.0,0.85,0.20647398843930637,2.0,26.695,22.69075
1995-07-08_Mensaje_Presidencial_Menem_Asuncixn.txt,tecnocracia,8.0,8.0,4.0,0.0,0.0,1.0,0.06196531791907515,1.0,4.53,4.53
1995-07-08_Mensaje_Presidencial_Menem_Asuncixn.txt,mesianismo,0.0,0.0,0.0,0.0,0.0,0.0,0.0,0.0,0.0,0.0
1995-07-08_Mensaje_Presidencial_Menem_Asuncixn.txt,paternalismo,12.0,12.0,4.0,0.0,0.0,1.0,0.1445086705202312,1.0,6.795,6.795
MENSAJE PRESIDENCIAL 1995.txt,tecnocracia,24.0,24.0,9.0,0.0,0.0,1.0,0.20913294797687862,3.0,40.991,40.991
MENSAJE PRESIDENCIAL 1995.txt,mesianismo,0.0,0.0,0.0,0.0,0.0,0.0,0.0,0.0,0.0,0.0
MENSAJE PRESIDENCIAL 1995.txt,paternalismo,23.0,19.1,7.0,1.0,0.0,0.8304347826086957,0.16231213872832367,2.0,41.902,34.79687826086957
MENSAJE PRESIDENCIAL 1996.txt,tecnocracia,0.0,0.0,0.0,0.0,0.0,0.0,0.0,0.0,0.0,0.0
MENSAJE PRESIDENCIAL 1996.txt,mesianismo,0.0,0.0,0.0,0.0,0.0,0.0,0.0,0.0,0.0,0.0
MENSAJE PRESIDENCIAL 1996.txt,paternalismo,11.0,9.65,4.0,0.0,0.0,0.8772727272727273,0.27167630057803466,2.0,32.458,28.474518181818183
MENSAJE PRESIDENCIAL 1997.txt,tecnocracia,32.0,29.0,11.0,1.0,1.0,0.90625,0.1239306358381503,2.0,51.329,46.51690625
MENSAJE PRESIDENCIAL 1997.txt,mesianismo,0.0,0.0,0.0,0.0,0.0,0.0,0.0,0.0,0.0,0.0
MENSAJE PRESIDENCIAL 1997.txt,paternalismo,27.0,26.1,10.0,0.0,1.0,0.9666666666666667,0.3336416184971098,3.0,49.496,47.846133333333334
1998-03-01_Mensaje_Presidencial_Menem.txt,tecnocracia,15.0,15.0,6.0,0.0,0.0,1.0,0.1239306358381503,2.0,18.8,18.8
1998-03-01_Mensaje_Presidencial_Menem.txt,mesianismo,4.0,4.0,2.0,0.0,0.0,1.0,0.1445086705202312,1.0,6.836,6.836
1998-03-01_Mensaje_Presidencial_Menem.txt,paternalismo,24.0,22.0,8.0,1.0,0.0,0.9166666666666666,0.20647398843930637,2.0,41.019,37.60075
1999-03-01_Mensaje_Presidencial_Menem.txt,tecnocracia,14.0,14.0,7.0,0.0,0.0,1.0,0.14716763005780348,2.0,10.246,10.246
1999-03-01_Mensaje_Presidencial_Menem.txt,mesianismo,3.0,3.0,1.0,0.0,0.0,1.0,0.1445086705202312,1.0,3.616,3.616
1999-03-01_Mensaje_Presidencial_Menem.txt,paternalismo,18.0,15.3,7.0,0.0,0.0,0.8500000000000001,0.20647398843930637,2.0,21.697,18.44245
1999-12-10_Mensaje_presidencial_de_la_Rua_Asuncixn.txt,tecnocracia,12.0,12.0,4.0,0.0,0.0,1.0,0.14716763005780348,2.0,17.117,17.117
1999-12-10_Mensaje_presidencial_de_la_Rua_Asuncixn.txt,mesianismo,2.0,2.0,1.0,0.0,0.0,1.0,0.1445086705202312,1.0,5.705863826550019,5.705863826550019
1999-12-10_Mensaje_presidencial_de_la_Rua_Asuncixn.txt,paternalismo,13.0,10.65,5.0,1.0,0.0,0.8192307692307692,0.23095375722543351,3.0,24.724,20.254661538461537
2000-03-01_Mensaje_Presidencial_de_la_Rua.txt,tecnocracia,11.0,11.0,5.0,0.0,0.0,1.0,0.20913294797687862,3.0,18.948,18.948
2000-03-01_Mensaje_Presidencial_de_la_Rua.txt,mesianismo,2.0,0.0,0.0,1.0,0.0,0.0,0.0,0.0,4.737,0.0
2000-03-01_Mensaje_Presidencial_de_la_Rua.txt,paternalismo,13.0,11.65,6.0,0.0,0.0,0.8961538461538462,0.23095375722543351,3.0,30.791,27.59347307692308
2001-12-22_23_Mensaje_Presidencial_Rodrxguez_Sax_Asuncixn.txt,tecnocracia,5.0,5.0,3.0,0.0,0.0,1.0,0.14716763005780348,2.0,3.54,3.54
2001-12-22_23_Mensaje_Presidencial_Rodrxguez_Sax_Asuncixn.txt,mesianismo,9.0,6.0,2.0,1.0,0.0,0.6666666666666666,0.1445086705202312,1.0,5.786206657137022,3.8574711047580146
2001-12-22_23_Mensaje_Presidencial_Rodrxguez_Sax_Asuncixn.txt,paternalismo,9.0,7.65,3.0,0.0,1.0,0.8500000000000001,0.20647398843930637,2.0,9.666,8.2161
2001-03-01_Mensaje_Presidencial_de_la_Rua.txt,tecnocracia,37.0,34.0,15.0,1.0,0.0,0.918918918918919,0.20913294797687862,3.0,30.426,27.959027027027027
2001-03-01_Mensaje_Presidencial_de_la_Rua.txt,mesianismo,8.0,8.0,4.0,0.0,0.0,1.0,0.2890173410404624,2.0,10.142,10.142
2001-03-01_Mensaje_Presidencial_de_la_Rua.txt,paternalismo,21.0,18.0,8.0,1.0,0.0,0.8571428571428571,0.20647398843930637,2.0,26.623,22.819714285714287
2002-01-01_Mensaje_Presidencial_Duhalde_Asuncixn.txt,tecnocracia,5.0,5.0,4.0,0.0,0.0,1.0,0.20913294797687862,3.0,4.257,4.257
2002-01-01_Mensaje_Presidencial_Duhalde_Asuncixn.txt,mesianismo,2.0,2.0,1.0,0.0,0.0,1.0,0.1445086705202312,1.0,8.514,8.514
2002-01-01_Mensaje_Presidencial_Duhalde_Asuncixn.txt,paternalismo,3.0,3.0,1.0,0.0,0.0,1.0,0.1445086705202312,1.0,12.771,12.771
2002-03-01_Mensaje_Presidencial_Duhalde.txt,tecnocracia,28.0,28.0,11.0,0.0,0.0,1.0,0.14716763005780348,2.0,37.216,37.216
2002-03-01_Mensaje_Presidencial_Duhalde.txt,mesianismo,9.0,9.0,3.0,0.0,0.0,1.0,0.1445086705202312,1.0,18.105,18.105
2002-03-01_Mensaje_Presidencial_Duhalde.txt,paternalismo,17.0,15.65,6.0,0.0,1.0,0.9205882352941177,0.23095375722543351,3.0,34.198,31.48227647058824
2003-03-01_Mensaje_Presidencial_Duhalde.txt,tecnocracia,11.0,11.0,5.0,0.0,0.0,1.0,0.06196531791907515,1.0,14.623,14.623
2003-03-01_Mensaje_Presidencial_Duhalde.txt,mesianismo,3.0,3.0,1.0,0.0,0.0,1.0,0.1445086705202312,1.0,6.267,6.267
2003-03-01_Mensaje_Presidencial_Duhalde.txt,paternalismo,6.0,6.0,3.0,0.0,0.0,1.0,0.20647398843930637,2.0,12.534,12.534
2003-05-25_Mensaje_Presidencial_Kirchner_Asuncixn.txt,tecnocracia,27.0,27.0,11.0,0.0,0.0,1.0,0.14716763005780348,2.0,30.204,30.204
2003-05-25_Mensaje_Presidencial_Kirchner_Asuncixn.txt,mesianismo,2.0,2.0,1.0,0.0,0.0,1.0,0.1445086705202312,1.0,3.098,3.098
2003-05-25_Mensaje_Presidencial_Kirchner_Asuncixn.txt,paternalismo,22.0,20.0,9.0,1.0,1.0,0.9090909090909091,0.20647398843930637,2.0,34.077,30.979090909090907
2004-03-01_Mensaje_Presidencial_Kirchner.txt,tecnocracia,23.0,23.0,10.0,0.0,0.0,1.0,0.20913294797687862,3.0,14.416,14.416
2004-03-01_Mensaje_Presidencial_Kirchner.txt,mesianismo,0.0,0.0,0.0,0.0,0.0,0.0,0.0,0.0,0.0,0.0
2004-03-01_Mensaje_Presidencial_Kirchner.txt,paternalismo,27.0,22.75,10.0,1.0,1.0,0.8425925925925926,0.20647398843930637,2.0,25.112,21.159185185185184
2005-03-01_Mensaje_Presidencial_Kirchner.txt,tecnocracia,46.0,46.0,18.0,0.0,0.0,1.0,0.20913294797687862,3.0,26.285,26.285
2005-03-01_Mensaje_Presidencial_Kirchner.txt,mesianismo,2.0,2.0,1.0,0.0,0.0,1.0,0.1445086705202312,1.0,1.44,1.44
2005-03-01_Mensaje_Presidencial_Kirchner.txt,paternalismo,31.0,27.85,15.0,0.0,0.0,0.8983870967741936,0.23095375722543351,3.0,22.325,20.056491935483873
2006-03-01_Mensaje_Presidencial_Kirchner.txt,tecnocracia,92.0,89.0,34.0,1.0,0.0,0.967391304347826,0.20913294797687862,3.0,41.129,39.78783695652174
2006-03-01_Mensaje_Presidencial_Kirchner.txt,mesianismo,3.0,3.0,1.0,0.0,0.0,1.0,0.1445086705202312,1.0,1.523,1.523
2006-03-01_Mensaje_Presidencial_Kirchner.txt,paternalismo,68.0,58.35,25.0,2.0,0.0,0.8580882352941177,0.3336416184971098,3.0,34.528,29.628070588235296
Asunción.Cristina.2007.txt,tecnocracia,5.0,5.0,2.0,0.0,0.0,1.0,0.14716763005780348,2.0,7.673,7.673
Asunción.Cristina.2007.txt,mesianismo,4.0,4.0,2.0,0.0,0.0,1.0,0.1445086705202312,1.0,7.673,7.673
Asunción.Cristina.2007.txt,paternalismo,15.0,15.0,6.0,0.0,0.0,1.0,0.2509826589595376,3.0,28.774,28.774
2007-03-01_Mensaje_Presidencial_Kirchner.txt,tecnocracia,67.0,67.0,25.0,0.0,0.0,1.0,0.20913294797687862,3.0,27.133,27.133
2007-03-01_Mensaje_Presidencial_Kirchner.txt,mesianismo,7.0,7.0,3.0,0.0,0.0,1.0,0.43352601156069365,3.0,3.742814371257485,3.742814371257485
2007-03-01_Mensaje_Presidencial_Kirchner.txt,paternalismo,56.0,51.95,21.0,0.0,0.0,0.9276785714285715,0.2509826589595376,3.0,26.198,24.303323214285715
MENSAJE PRESIDENCIAL.2008.txt,tecnocracia,45.0,45.0,17.0,0.0,0.0,1.0,0.20913294797687862,3.0,42.676,42.676
MENSAJE PRESIDENCIAL.2008.txt,mesianismo,2.0,2.0,1.0,0.0,0.0,1.0,0.1445086705202312,1.0,3.734341406166649,3.734341406166649
MENSAJE PRESIDENCIAL.2008.txt,paternalismo,4.0,4.0,2.0,0.0,0.0,1.0,0.2890173410404624,2.0,4.268,4.268
2010-03-01 Mensaje Presidencial Fernandez.txt,tecnocracia,10.0,10.0,5.0,0.0,0.0,1.0,0.1239306358381503,2.0,5.122,5.122
2010-03-01 Mensaje Presidencial Fernandez.txt,mesianismo,0.0,0.0,0.0,0.0,0.0,0.0,0.0,0.0,0.0,0.0
2010-03-01 Mensaje Presidencial Fernandez.txt,paternalismo,15.0,15.0,5.0,0.0,0.0,1.0,0.20647398843930637,2.0,12.805,12.805
2011-03-01 Mensaje Presidencial Fernandez.txt,tecnocracia,53.0,53.0,22.0,0.0,0.0,1.0,0.1239306358381503,2.0,42.818,42.818
2011-03-01 Mensaje Presidencial Fernandez.txt,mesianismo,0.0,0.0,0.0,0.0,0.0,0.0,0.0,0.0,1.259340105784569,0.0
2011-03-01 Mensaje Presidencial Fernandez.txt,paternalismo,28.0,28.0,11.0,0.0,2.0,1.0,0.3336416184971098,3.0,23.508,23.508
Asunción.Cristina.2011.txt,tecnocracia,15.0,15.0,7.0,0.0,0.0,1.0,0.1239306358381503,2.0,14.158,14.158
Asunción.Cristina.2011.txt,mesianismo,3.0,3.0,1.0,0.0,0.0,1.0,0.1445086705202312,1.0,3.539,3.539
Asunción.Cristina.2011.txt,paternalismo,3.0,3.0,1.0,0.0,0.0,1.0,0.06196531791907515,1.0,3.539,3.539
2012-03-01 Mensaje Presidencial Fernandez.txt,tecnocracia,26.0,26.0,13.0,0.0,0.0,1.0,0.1239306358381503,2.0,6.576,6.576
2012-03-01 Mensaje Presidencial Fernandez.txt,mesianismo,0.0,0.0,0.0,0.0,0.0,0.0,0.0,0.0,0.0,0.0
2012-03-01 Mensaje Presidencial Fernandez.txt,paternalismo,28.0,23.95,10.0,0.0,1.0,0.8553571428571428,0.20647398843930637,2.0,11.507,9.842594642857142
2013-03-01_Asamblea_Legislativa-Fernandez.txt,tecnocracia,49.0,48.0,20.0,1.0,0.0,0.9795918367346939,0.1239306358381503,2.0,15.179,14.869224489795918
2013-03-01_Asamblea_Legislativa-Fernandez.txt,mesianismo,0.0,0.0,0.0,0.0,0.0,0.0,0.0,0.0,0.0,0.0
2013-03-01_Asamblea_Legislativa-Fernandez.txt,paternalismo,61.0,58.3,21.0,0.0,0.0,0.9557377049180328,0.20647398843930637,2.0,21.786,20.821701639344262
2014-03-01_Asamblea_Legislativa-Fernandez.txt,tecnocracia,40.0,40.0,16.0,0.0,0.0,1.0,0.20913294797687862,3.0,18.179,18.179
2014-03-01_Asamblea_Legislativa-Fernandez.txt,mesianismo,0.0,0.0,0.0,0.0,0.0,0.0,0.0,0.0,0.0,0.0
2014-03-01_Asamblea_Legislativa-Fernandez.txt,paternalismo,39.0,34.0,13.0,3.0,1.0,0.8717948717948718,0.20647398843930637,2.0,19.162,16.705333333333332
2015-03-01_Asamblea_Legislativa-Fernandez.txt,tecnocracia,41.0,40.0,17.0,1.0,0.0,0.975609756097561,0.1239306358381503,2.0,12.362,12.060487804878049
2015-03-01_Asamblea_Legislativa-Fernandez.txt,mesianismo,0.0,0.0,0.0,0.0,0.0,0.0,0.0,0.0,0.0,0.0
2015-03-01_Asamblea_Legislativa-Fernandez.txt,paternalismo,51.0,39.0,16.0,4.0,0.0,0.7647058823529411,0.20647398843930637,2.0,18.275,13.974999999999998
2015-12-10_Mensaje_Presidencial_Macri_Asuncixn.txt,tecnocracia,3.0,3.0,1.0,0.0,0.0,1.0,0.06196531791907515,1.0,10.135,10.135
2015-12-10_Mensaje_Presidencial_Macri_Asuncixn.txt,mesianismo,0.0,0.0,0.0,0.0,0.0,0.0,0.0,0.0,0.0,0.0
2015-12-10_Mensaje_Presidencial_Macri_Asuncixn.txt,paternalismo,8.0,8.0,3.0,0.0,0.0,1.0,0.20647398843930637,2.0,27.027,27.027
2016-03-01_Asamblea_Legislativa-Macri.txt,tecnocracia,26.0,26.0,10.0,0.0,1.0,1.0,0.20913294797687862,3.0,30.177,30.177
2016-03-01_Asamblea_Legislativa-Macri.txt,mesianismo,0.0,0.0,0.0,0.0,0.0,0.0,0.0,0.0,0.0,0.0
2016-03-01_Asamblea_Legislativa-Macri.txt,paternalismo,9.0,4.0,2.0,2.0,0.0,0.4444444444444444,0.06196531791907515,1.0,12.933,5.747999999999999
2017-03-01-Asamblea-Legislativa-Macri.txt,tecnocracia,29.0,29.0,11.0,0.0,0.0,1.0,0.1239306358381503,2.0,46.632,46.632
2017-03-01-Asamblea-Legislativa-Macri.txt,mesianismo,0.0,0.0,0.0,0.0,0.0,0.0,0.0,0.0,0.0,0.0
2017-03-01-Asamblea-Legislativa-Macri.txt,paternalismo,11.0,11.0,4.0,0.0,0.0,1.0,0.10647398843930636,2.0,18.998,18.998
01.03.2018As.txt,tecnocracia,4.0,4.0,2.0,0.0,0.0,1.0,0.14716763005780348,2.0,4.176,4.176
01.03.2018As.txt,mesianismo,0.0,0.0,0.0,0.0,0.0,0.0,0.0,0.0,0.0,0.0
01.03.2018As.txt,paternalismo,3.0,1.6500000000000001,1.0,0.0,0.0,0.55,0.02447976878612717,1.0,6.264,3.4452000000000003
Mensaje Presidencial 2019.txt,tecnocracia,15.0,15.0,5.0,0.0,0.0,1.0,0.14716763005780348,2.0,14.001,14.001
Mensaje Presidencial 2019.txt,mesianismo,2.0,2.0,1.0,0.0,0.0,1.0,0.1445086705202312,1.0,2.333,2.333
Mensaje Presidencial 2019.txt,paternalismo,12.0,12.0,4.0,0.0,0.0,1.0,0.20647398843930637,2.0,14.001,14.001
VT-01-03-2019-AS-00.txt,tecnocracia,11.0,11.0,5.0,0.0,0.0,1.0,0.14716763005780348,2.0,11.591,11.591
VT-01-03-2019-AS-00.txt,mesianismo,3.0,3.0,1.0,0.0,0.0,1.0,0.1445086705202312,1.0,4.347,4.347
VT-01-03-2019-AS-00.txt,paternalismo,3.0,3.0,1.0,0.0,0.0,1.0,0.1445086705202312,1.0,4.347,4.347
Mensaje Presidencial 2020.txt,tecnocracia,24.0,24.0,10.0,0.0,0.0,1.0,0.14716763005780348,2.0,18.345,18.345
Mensaje Presidencial 2020.txt,mesianismo,0.0,0.0,0.0,0.0,0.0,0.0,0.0,0.0,0.0,0.0
Mensaje Presidencial 2020.txt,paternalismo,20.0,18.0,8.0,1.0,0.0,0.9,0.20647398843930637,2.0,17.472,15.724800000000002
Mensaje Presidencial 2021.txt,tecnocracia,22.0,22.0,8.0,0.0,0.0,1.0,0.20913294797687862,3.0,11.598,11.598
Mensaje Presidencial 2021.txt,mesianismo,0.0,0.0,0.0,0.0,0.0,0.0,0.0,0.0,0.9941016634634504,0.0
Mensaje Presidencial 2021.txt,paternalismo,22.0,20.0,8.0,1.0,0.0,0.9090909090909091,0.20647398843930637,2.0,14.58,13.254545454545454
Mensaje Presidencial 2022.txt,tecnocracia,26.0,26.0,11.0,0.0,0.0,1.0,0.1239306358381503,2.0,17.88,17.88
Mensaje Presidencial 2022.txt,mesianismo,1.0,1.0,1.0,0.0,0.0,1.0,0.1445086705202312,1.0,0.745,0.745
Mensaje Presidencial 2022.txt,paternalismo,26.0,25.1,10.0,0.0,0.0,0.9653846153846154,0.20647398843930637,2.0,19.37,18.6995
2024_Mensaje_Asamblea_Legislativa_Milei.txt,tecnocracia,26.0,21.0,10.0,2.0,2.0,0.8076923076923077,0.20913294797687862,3.0,15.561,12.5685
2024_Mensaje_Asamblea_Legislativa_Milei.txt,mesianismo,12.0,4.0,3.0,3.0,1.0,0.3333333333333333,0.2890173410404624,2.0,14.449481604979436,4.816493868326479
2024_Mensaje_Asamblea_Legislativa_Milei.txt,paternalismo,11.0,4.75,3.0,2.0,1.0,0.4318181818181818,0.05684971098265896,2.0,12.226,5.279409090909091
2025_Mensaje_Asamblea_Legislativa_Milei.txt,tecnocracia,38.0,36.0,16.0,1.0,0.0,0.9473684210526315,0.20913294797687862,3.0,20.862,19.763999999999996
2025_Mensaje_Asamblea_Legislativa_Milei.txt,mesianismo,12.0,6.0,2.0,2.0,0.0,0.5,0.27167630057803466,2.0,16.914949932341003,8.457474966170501
2025_Mensaje_Asamblea_Legislativa_Milei.txt,paternalismo,9.0,8.1,4.0,0.0,0.0,0.8999999999999999,0.10647398843930636,2.0,10.149,9.134099999999998
2026-Asamblea-Legislativa-Milei.txt,tecnocracia,30.0,30.0,13.0,0.0,0.0,1.0,0.20913294797687862,3.0,16.322,16.322
2026-Asamblea-Legislativa-Milei.txt,mesianismo,7.0,7.0,3.0,0.0,0.0,1.0,0.2890173410404624,2.0,6.347,6.347
2026-Asamblea-Legislativa-Milei.txt,paternalismo,23.0,15.65,6.0,2.0,0.0,0.6804347826086957,0.22138728323699422,3.0,20.856,14.19114782608696
