filename,actor,case_unit_id,case_unit,year,genre,source_path,source_sha256,analysis_window,match_count,tec_matches,mes_matches,pat_matches,corpus_freeze_version,prior_configuration,candidate_configuration,candidate_notation,candidate_pair,dominant,secondary,tertiary,dominant_leadership,secondary_leadership,leadership_margin,direction_status,pair_source,recursive_feedback,tertiary_positive_retention,review_required
1983-12-10_Mensaje_Presidencial_Alfonsin_Asuncixn.txt,Raúl Alfonsín,ALFONSIN_1983_1989,Raúl Alfonsín (1983–1989),1983,apertura,corpus/processed/txt_analysis_ready_v3/1983-12-10_Mensaje_Presidencial_Alfonsin_Asuncixn.txt,4e6a9b66bc69ef92b8056324c03e3760e2b59c39814f2b00767168e2e0a4f42f,full_presidential_document,49,31,3,15,HCDN_NB17_v0_3,tecnocracia↔paternalismo,paternalismo+tecnocracia,PAT→TEC,PAT–TEC,paternalismo,tecnocracia,mesianismo,0.3336416184971098,0.2091329479768786,0.1245086705202312,directed,masa léxica corregida por polaridad simétrica,False,1.0,True
MENSAJE PRESIDENCIAL 1984.txt,Raúl Alfonsín,ALFONSIN_1983_1989,Raúl Alfonsín (1983–1989),1984,apertura,corpus/processed/txt_analysis_ready_v3/MENSAJE PRESIDENCIAL 1984.txt,f953bab0c192c63fa05a67fd0a17e6e41b1ee3fd0ee2eccbb6b260054291c2e1,full_presidential_document,40,21,0,19,HCDN_NB17_v0_3,paternalismo↔tecnocracia,tecnocracia↔paternalismo,TEC↔PAT,PAT–TEC,tecnocracia,paternalismo,mesianismo,0.2091329479768786,0.2064739884393063,0.0026589595375722,indeterminate,masa léxica corregida por polaridad simétrica,False,0.0,False
MENSAJE PRESIDENCIAL 1985.txt,Raúl Alfonsín,ALFONSIN_1983_1989,Raúl Alfonsín (1983–1989),1985,apertura,corpus/processed/txt_analysis_ready_v3/MENSAJE PRESIDENCIAL 1985.txt,67e54865b0ac6ad468c951ba7d6012a1a02c476519440d5f901bc98eb377c7cc,full_presidential_document,39,22,3,14,HCDN_NB17_v0_3,paternalismo↔tecnocracia,paternalismo↔tecnocracia,PAT↔TEC,PAT–TEC,paternalismo,tecnocracia,mesianismo,0.2309537572254335,0.2091329479768786,0.0218208092485548,indeterminate,masa léxica corregida por polaridad simétrica,False,1.0,True
MENSAJE PRESIDENCIAL 1986.txt,Raúl Alfonsín,ALFONSIN_1983_1989,Raúl Alfonsín (1983–1989),1986,apertura,corpus/processed/txt_analysis_ready_v3/MENSAJE PRESIDENCIAL 1986.txt,496f6416f9d37f038bef8db1688f4096b68b6842df46c724a40acd1078ddf744,full_presidential_document,26,14,6,6,HCDN_NB17_v0_3,tecnocracia↔paternalismo,paternalismo+tecnocracia,PAT→TEC,PAT–TEC,paternalismo,tecnocracia,mesianismo,0.2064739884393063,0.1239306358381503,0.082543352601156,directed,masa léxica corregida por polaridad simétrica,False,1.0,False
MENSAJE PRESIDENCIAL 1987.txt,Raúl Alfonsín,ALFONSIN_1983_1989,Raúl Alfonsín (1983–1989),1987,apertura,corpus/processed/txt_analysis_ready_v3/MENSAJE PRESIDENCIAL 1987.txt,4c5d0e91b2ce29417aeadd7122cdc252a1d5e3a2a9de56cb4d927c2aa341fe77,full_presidential_document,13,9,1,3,HCDN_NB17_v0_3,tecnocracia↔paternalismo,paternalismo+tecnocracia,PAT→TEC,PAT–TEC,paternalismo,tecnocracia,mesianismo,0.1445086705202312,0.0619653179190751,0.082543352601156,directed,masa léxica corregida por polaridad simétrica,False,1.0,False
1988-12-21_Asamblea_Legislativa_Extraordinaria_Alfonsin.txt,Raúl Alfonsín,ALFONSIN_1983_1989,Raúl Alfonsín (1983–1989),1988,apertura,corpus/processed/txt_analysis_ready_v3/1988-12-21_Asamblea_Legislativa_Extraordinaria_Alfonsin.txt,ac76b58c3bf4d3bad98dfd6800d39d0e80400934df296b17606f2fcedc9304c8,full_presidential_document,2,1,1,0,HCDN_NB17_v0_3,tecnocracia+mesianismo,mesianismo+tecnocracia,MES→TEC,MES–TEC,mesianismo,tecnocracia,paternalismo,0.1445086705202312,0.0619653179190751,0.082543352601156,directed,masa léxica corregida por polaridad simétrica,False,0.0,False
MENSAJE PRESIDENCIAL 1988.txt,Raúl Alfonsín,ALFONSIN_1983_1989,Raúl Alfonsín (1983–1989),1988,apertura,corpus/processed/txt_analysis_ready_v3/MENSAJE PRESIDENCIAL 1988.txt,bd511b9fcf1b7470828f486e96ba1b6d18e4db3ff9c83027d97fe0a5e5aae4d8,full_presidential_document,29,17,0,12,HCDN_NB17_v0_3,tecnocracia↔paternalismo,paternalismo+tecnocracia,PAT→TEC,PAT–TEC,paternalismo,tecnocracia,mesianismo,0.2064739884393063,0.1471676300578034,0.0593063583815028,directed,masa léxica corregida por polaridad simétrica,False,0.0,False
MENSAJE PRESIDENCIAL 1989.txt,Raúl Alfonsín,ALFONSIN_1983_1989,Raúl Alfonsín (1983–1989),1989,apertura,corpus/processed/txt_analysis_ready_v3/MENSAJE PRESIDENCIAL 1989.txt,c8b3c187c45075b76cf16b6b1708f22bf37c8bb17b579fd40bd75ff6d09e46a0,full_presidential_document,10,4,4,2,HCDN_NB17_v0_3,mesianismo↔tecnocracia,mesianismo+tecnocracia,MES→TEC,MES–TEC,mesianismo,tecnocracia,paternalismo,0.2890173410404624,0.1471676300578034,0.1418497109826589,directed,masa léxica corregida por polaridad simétrica,False,0.775,False
MENSAJE PRESIDENCIAL 1990.txt,Carlos Menem,MENEM_I_1989_1995,Carlos Menem I (1989–1995),1990,apertura,corpus/processed/txt_analysis_ready_v3/MENSAJE PRESIDENCIAL 1990.txt,18170e3c122b7b5b518c2cef06e6c4f505781d9043f4d5db387292c145ccbf6b,full_presidential_document,19,9,1,9,HCDN_NB17_v0_3,paternalismo↔tecnocracia,paternalismo+tecnocracia,PAT→TEC,PAT–TEC,paternalismo,tecnocracia,mesianismo,0.2509826589595376,0.0619653179190751,0.1890173410404624,directed,masa léxica corregida por polaridad simétrica,False,1.0,False
MENSAJE PRESIDENCIAL 1991.txt,Carlos Menem,MENEM_I_1989_1995,Carlos Menem I (1989–1995),1991,apertura,corpus/processed/txt_analysis_ready_v3/MENSAJE PRESIDENCIAL 1991.txt,cb8d966d5b07e49a4d10839a86d1d9f09d71178f03c45954d6ea91caf1bb82a7,full_presidential_document,7,2,0,5,HCDN_NB17_v0_3,paternalismo↔tecnocracia,paternalismo+tecnocracia,PAT→TEC,PAT–TEC,paternalismo,tecnocracia,mesianismo,0.2064739884393063,0.0619653179190751,0.1445086705202312,directed,masa léxica corregida por polaridad simétrica,False,0.0,False
MENSAJE PRESIDENCIAL 1992.txt,Carlos Menem,MENEM_I_1989_1995,Carlos Menem I (1989–1995),1992,apertura,corpus/processed/txt_analysis_ready_v3/MENSAJE PRESIDENCIAL 1992.txt,211b61aec0cec154eef83ee3926f78b90964669aae528fcc52f530a7ab012e5d,full_presidential_document,23,5,2,16,HCDN_NB17_v0_3,paternalismo↔tecnocracia,paternalismo+tecnocracia,PAT→TEC,PAT–TEC,paternalismo,tecnocracia,mesianismo,0.2064739884393063,0.1239306358381503,0.082543352601156,directed,masa léxica corregida por polaridad simétrica,False,1.0,False
MENSAJE PRESIDENCIAL 1993.txt,Carlos Menem,MENEM_I_1989_1995,Carlos Menem I (1989–1995),1993,apertura,corpus/processed/txt_analysis_ready_v3/MENSAJE PRESIDENCIAL 1993.txt,ef2618c4db6f2708844e523629b09fae760315068b72115dc9ce8fd8447ab9fa,full_presidential_document,5,2,0,3,HCDN_NB17_v0_3,paternalismo↔tecnocracia,paternalismo+tecnocracia,PAT→TEC,PAT–TEC,paternalismo,tecnocracia,mesianismo,0.2064739884393063,0.1239306358381503,0.082543352601156,directed,masa léxica corregida por polaridad simétrica,False,0.0,False
MENSAJE PRESIDENCIAL 1994.txt,Carlos Menem,MENEM_I_1989_1995,Carlos Menem I (1989–1995),1994,apertura,corpus/processed/txt_analysis_ready_v3/MENSAJE PRESIDENCIAL 1994.txt,efa24d8a9223a093ff4b0eba3ca7f2587cbf54f2ced35939553fee02c1213211,full_presidential_document,18,9,2,7,HCDN_NB17_v0_3,paternalismo+tecnocracia,paternalismo+tecnocracia,PAT→TEC,PAT–TEC,paternalismo,tecnocracia,mesianismo,0.2064739884393063,0.1239306358381503,0.082543352601156,directed,masa léxica corregida por polaridad simétrica,False,1.0,False
1995-07-08_Mensaje_Presidencial_Menem_Asuncixn.txt,Carlos Menem,MENEM_II_1995_1999,Carlos Menem II (1995–1999),1995,apertura,corpus/processed/txt_analysis_ready_v3/1995-07-08_Mensaje_Presidencial_Menem_Asuncixn.txt,31454519eeaaf8af80caf72962954a48f9334625a96d0e78619e23ca1d450ae6,full_presidential_document,8,4,0,4,HCDN_NB17_v0_3,paternalismo↔tecnocracia,paternalismo+tecnocracia,PAT→TEC,PAT–TEC,paternalismo,tecnocracia,mesianismo,0.1445086705202312,0.0619653179190751,0.082543352601156,directed,masa léxica corregida por polaridad simétrica,False,0.0,False
MENSAJE PRESIDENCIAL 1995.txt,Carlos Menem,MENEM_I_1989_1995,Carlos Menem I (1989–1995),1995,apertura,corpus/processed/txt_analysis_ready_v3/MENSAJE PRESIDENCIAL 1995.txt,33bc0662e8304c37d98bb4548ee4b7b3dd6b1c12763b0fe2baa1908af0eea60b,full_presidential_document,17,9,0,8,HCDN_NB17_v0_3,paternalismo+tecnocracia,tecnocracia↔paternalismo,TEC↔PAT,PAT–TEC,tecnocracia,paternalismo,mesianismo,0.2091329479768786,0.1623121387283236,0.0468208092485549,indeterminate,masa léxica corregida por polaridad simétrica,False,0.0,False
MENSAJE PRESIDENCIAL 1996.txt,Carlos Menem,MENEM_II_1995_1999,Carlos Menem II (1995–1999),1996,apertura,corpus/processed/txt_analysis_ready_v3/MENSAJE PRESIDENCIAL 1996.txt,c4ac75ec30abf1816e70c14b0c783f85dbeca9a99a176f064164675931ffd9e5,full_presidential_document,4,0,0,4,HCDN_NB17_v0_3,paternalismo+none,paternalismo+tecnocracia,PAT→TEC,PAT–TEC,paternalismo,tecnocracia,mesianismo,0.2716763005780346,0.0,0.2716763005780346,directed,masa léxica corregida por polaridad simétrica,False,0.0,False
MENSAJE PRESIDENCIAL 1997.txt,Carlos Menem,MENEM_II_1995_1999,Carlos Menem II (1995–1999),1997,apertura,corpus/processed/txt_analysis_ready_v3/MENSAJE PRESIDENCIAL 1997.txt,cf0c3011f91bd078f839ef47150ac42249271fa1b65bc18e98c073cc2e639f82,full_presidential_document,22,12,0,10,HCDN_NB17_v0_3,tecnocracia↔paternalismo,paternalismo+tecnocracia,PAT→TEC,PAT–TEC,paternalismo,tecnocracia,mesianismo,0.3336416184971098,0.1239306358381503,0.2097109826589595,directed,masa léxica corregida por polaridad simétrica,False,0.0,True
1998-03-01_Mensaje_Presidencial_Menem.txt,Carlos Menem,MENEM_II_1995_1999,Carlos Menem II (1995–1999),1998,apertura,corpus/processed/txt_analysis_ready_v3/1998-03-01_Mensaje_Presidencial_Menem.txt,d6e74c485dc82e4e0a89bf6d03531c8d786f7f4abd4fca5db0c887f006f5f9c2,full_presidential_document,17,6,2,9,HCDN_NB17_v0_3,paternalismo+tecnocracia,paternalismo+tecnocracia,PAT→TEC,PAT–TEC,paternalismo,tecnocracia,mesianismo,0.2064739884393063,0.1239306358381503,0.082543352601156,directed,masa léxica corregida por polaridad simétrica,False,1.0,False
1999-03-01_Mensaje_Presidencial_Menem.txt,Carlos Menem,MENEM_II_1995_1999,Carlos Menem II (1995–1999),1999,apertura,corpus/processed/txt_analysis_ready_v3/1999-03-01_Mensaje_Presidencial_Menem.txt,60fb23f67756d7efb4c13ea97a7e7bd2d2f44c8e8cf7e606aeef48dff7d8e4e9,full_presidential_document,15,7,1,7,HCDN_NB17_v0_3,paternalismo↔tecnocracia,paternalismo+tecnocracia,PAT→TEC,PAT–TEC,paternalismo,tecnocracia,mesianismo,0.2064739884393063,0.1471676300578034,0.0593063583815028,directed,masa léxica corregida por polaridad simétrica,False,1.0,False
1999-12-10_Mensaje_presidencial_de_la_Rua_Asuncixn.txt,Fernando de la Rúa,DELARUA_1999_2001,Fernando de la Rúa (1999–2001),1999,apertura,corpus/processed/txt_analysis_ready_v3/1999-12-10_Mensaje_presidencial_de_la_Rua_Asuncixn.txt,7972cd1bc11ee399b899d1afbcdd489bc4c07ca6bc8852e928f8c64e0ecf4ae5,full_presidential_document,11,4,1,6,HCDN_NB17_v0_3,paternalismo↔tecnocracia,paternalismo+tecnocracia,PAT→TEC,PAT–TEC,paternalismo,tecnocracia,mesianismo,0.2309537572254335,0.1471676300578034,0.08378612716763,directed,masa léxica corregida por polaridad simétrica,False,1.0,False
2000-03-01_Mensaje_Presidencial_de_la_Rua.txt,Fernando de la Rúa,DELARUA_1999_2001,Fernando de la Rúa (1999–2001),2000,apertura,corpus/processed/txt_analysis_ready_v3/2000-03-01_Mensaje_Presidencial_de_la_Rua.txt,bf5a45f004579196af432363abe117a089f076aa584a40a9d6a42d25d20ff04d,full_presidential_document,12,5,1,6,HCDN_NB17_v0_3,paternalismo↔tecnocracia,paternalismo↔tecnocracia,PAT↔TEC,PAT–TEC,paternalismo,tecnocracia,mesianismo,0.2309537572254335,0.2091329479768786,0.0218208092485548,indeterminate,masa léxica corregida por polaridad simétrica,False,0.0,False
2001-03-01_Mensaje_Presidencial_de_la_Rua.txt,Fernando de la Rúa,DELARUA_1999_2001,Fernando de la Rúa (1999–2001),2001,apertura,corpus/processed/txt_analysis_ready_v3/2001-03-01_Mensaje_Presidencial_de_la_Rua.txt,72a5078a3e6cdc665915f33394ebe30cd956f4b7ccf77e7a4c7fbcbb36b0ba5e,full_presidential_document,29,16,4,9,HCDN_NB17_v0_3,tecnocracia↔paternalismo,tecnocracia↔paternalismo,TEC↔PAT,PAT–TEC,tecnocracia,paternalismo,mesianismo,0.2091329479768786,0.2064739884393063,0.0026589595375722,indeterminate,masa léxica corregida por polaridad simétrica,False,1.0,False
2001-12-22_23_Mensaje_Presidencial_Rodrxguez_Sax_Asuncixn.txt,Adolfo Rodríguez Saá,RODRIGUEZ_SAA_2001,Adolfo Rodríguez Saá (2001),2001,apertura,corpus/processed/txt_analysis_ready_v3/2001-12-22_23_Mensaje_Presidencial_Rodrxguez_Sax_Asuncixn.txt,e6e2011ed000235d2b240bff75cc9132d117898db258b0ad23680cec3c0f22ca,segments_1084_1112_presidential_only,9,3,3,3,HCDN_NB17_v0_3,paternalismo↔mesianismo,paternalismo+mesianismo,PAT→MES,MES–PAT,paternalismo,mesianismo,tecnocracia,0.2064739884393063,0.1445086705202312,0.0619653179190751,directed,masa léxica corregida por polaridad simétrica,False,1.0,True
2002-01-01_Mensaje_Presidencial_Duhalde_Asuncixn.txt,Eduardo Duhalde,DUHALDE_2002_2003,Eduardo Duhalde (2002–2003),2002,apertura,corpus/processed/txt_analysis_ready_v3/2002-01-01_Mensaje_Presidencial_Duhalde_Asuncixn.txt,e50c12a2430f17c05b5c4f4d34ba52a0cb16e3bad714556667969d41d0b0c87d,full_presidential_document,6,4,1,1,HCDN_NB17_v0_3,paternalismo+mesianismo,paternalismo↔mesianismo,PAT↔MES,MES–PAT,paternalismo,mesianismo,tecnocracia,0.1445086705202312,0.1445086705202312,0.0,indeterminate,masa léxica corregida por polaridad simétrica,False,1.0,False
2002-03-01_Mensaje_Presidencial_Duhalde.txt,Eduardo Duhalde,DUHALDE_2002_2003,Eduardo Duhalde (2002–2003),2002,apertura,corpus/processed/txt_analysis_ready_v3/2002-03-01_Mensaje_Presidencial_Duhalde.txt,cd5f6ddf6ce9f0c9cc06a86e332ae476e15e9ab6febc99295d55813bd0ef6c53,full_presidential_document,20,11,3,6,HCDN_NB17_v0_3,tecnocracia↔paternalismo,paternalismo+tecnocracia,PAT→TEC,PAT–TEC,paternalismo,tecnocracia,mesianismo,0.2309537572254335,0.1471676300578034,0.08378612716763,directed,masa léxica corregida por polaridad simétrica,False,1.0,True
2003-03-01_Mensaje_Presidencial_Duhalde.txt,Eduardo Duhalde,DUHALDE_2002_2003,Eduardo Duhalde (2002–2003),2003,apertura,corpus/processed/txt_analysis_ready_v3/2003-03-01_Mensaje_Presidencial_Duhalde.txt,9c92e1934ee183f55543f765cbdf482ede6f084c639e7c8b5e2fb93946972f04,full_presidential_document,9,5,1,3,HCDN_NB17_v0_3,tecnocracia↔paternalismo,paternalismo+tecnocracia,PAT→TEC,PAT–TEC,paternalismo,tecnocracia,mesianismo,0.2064739884393063,0.0619653179190751,0.1445086705202312,directed,masa léxica corregida por polaridad simétrica,False,1.0,False
2003-05-25_Mensaje_Presidencial_Kirchner_Asuncixn.txt,Néstor Kirchner,KIRCHNER_2003_2007,Néstor Kirchner (2003–2007),2003,apertura,corpus/processed/txt_analysis_ready_v3/2003-05-25_Mensaje_Presidencial_Kirchner_Asuncixn.txt,5b032a58e5f359626b0f6ad4d4fca5dc1abda7cf6654af0472e9c9c68c268adf,full_presidential_document,22,11,1,10,HCDN_NB17_v0_3,paternalismo+tecnocracia,paternalismo+tecnocracia,PAT→TEC,PAT–TEC,paternalismo,tecnocracia,mesianismo,0.2064739884393063,0.1471676300578034,0.0593063583815028,directed,masa léxica corregida por polaridad simétrica,False,1.0,True
2004-03-01_Mensaje_Presidencial_Kirchner.txt,Néstor Kirchner,KIRCHNER_2003_2007,Néstor Kirchner (2003–2007),2004,apertura,corpus/processed/txt_analysis_ready_v3/2004-03-01_Mensaje_Presidencial_Kirchner.txt,604cdca411f3e62b5daf3d325af2ba1fd43187b7337484596934eaf50c1d58c8,full_presidential_document,21,10,0,11,HCDN_NB17_v0_3,paternalismo+tecnocracia,tecnocracia↔paternalismo,TEC↔PAT,PAT–TEC,tecnocracia,paternalismo,mesianismo,0.2091329479768786,0.2064739884393063,0.0026589595375722,indeterminate,masa léxica corregida por polaridad simétrica,False,0.0,True
2005-03-01_Mensaje_Presidencial_Kirchner.txt,Néstor Kirchner,KIRCHNER_2003_2007,Néstor Kirchner (2003–2007),2005,apertura,corpus/processed/txt_analysis_ready_v3/2005-03-01_Mensaje_Presidencial_Kirchner.txt,0e41d64558de89293e42a3cc2ff51d55237c0d77452835e7cb1a6120b9bd2692,full_presidential_document,34,18,1,15,HCDN_NB17_v0_3,tecnocracia↔paternalismo,paternalismo↔tecnocracia,PAT↔TEC,PAT–TEC,paternalismo,tecnocracia,mesianismo,0.2309537572254335,0.2091329479768786,0.0218208092485548,indeterminate,masa léxica corregida por polaridad simétrica,False,1.0,False
2006-03-01_Mensaje_Presidencial_Kirchner.txt,Néstor Kirchner,KIRCHNER_2003_2007,Néstor Kirchner (2003–2007),2006,apertura,corpus/processed/txt_analysis_ready_v3/2006-03-01_Mensaje_Presidencial_Kirchner.txt,ed2ece53a0f2ea6de38cf9bc942125131c16cd9c26a7c564e32e1f887c3404ed,full_presidential_document,63,35,1,27,HCDN_NB17_v0_3,tecnocracia↔paternalismo,paternalismo+tecnocracia,PAT→TEC,PAT–TEC,paternalismo,tecnocracia,mesianismo,0.3336416184971098,0.2091329479768786,0.1245086705202312,directed,masa léxica corregida por polaridad simétrica,False,1.0,False
2007-03-01_Mensaje_Presidencial_Kirchner.txt,Néstor Kirchner,KIRCHNER_2003_2007,Néstor Kirchner (2003–2007),2007,apertura,corpus/processed/txt_analysis_ready_v3/2007-03-01_Mensaje_Presidencial_Kirchner.txt,4ad7d9dcdec1c90608ff11db39ae8a310df884f796b1f712983ae6f52968afab,full_presidential_document,49,25,3,21,HCDN_NB17_v0_3,paternalismo+tecnocracia,paternalismo↔tecnocracia,PAT↔TEC,PAT–TEC,paternalismo,tecnocracia,mesianismo,0.2509826589595376,0.2091329479768786,0.0418497109826589,indeterminate,masa léxica corregida por polaridad simétrica,False,1.0,False
Asunción.Cristina.2007.txt,Cristina Fernández de Kirchner,CFK_I_2007_2011,Cristina Fernández de Kirchner I (2007–2011),2007,apertura,corpus/processed/txt_analysis_ready_v3/Asunción.Cristina.2007.txt,e95804f7ed82dd6fbbe1366530abf7ce24c2cf7a0abd11cfa87b09941b968041,full_presidential_document,10,2,2,6,HCDN_NB17_v0_3,paternalismo↔tecnocracia,paternalismo+tecnocracia,PAT→TEC,PAT–TEC,paternalismo,tecnocracia,mesianismo,0.2509826589595376,0.1471676300578034,0.1038150289017341,directed,masa léxica corregida por polaridad simétrica,False,1.0,False
MENSAJE PRESIDENCIAL.2008.txt,Cristina Fernández de Kirchner,CFK_I_2007_2011,Cristina Fernández de Kirchner I (2007–2011),2008,apertura,corpus/processed/txt_analysis_ready_v3/MENSAJE PRESIDENCIAL.2008.txt,ff01be43fefdae9f071a5260423c9c4ac862ae3602e4f65b3078842049f71bec,full_presidential_document,20,17,1,2,HCDN_NB17_v0_3,tecnocracia↔paternalismo,paternalismo+tecnocracia,PAT→TEC,PAT–TEC,paternalismo,tecnocracia,mesianismo,0.2890173410404624,0.2091329479768786,0.0798843930635837,directed,masa léxica corregida por polaridad simétrica,False,1.0,False
2010-03-01 Mensaje Presidencial Fernandez.txt,Cristina Fernández de Kirchner,CFK_I_2007_2011,Cristina Fernández de Kirchner I (2007–2011),2010,apertura,corpus/processed/txt_analysis_ready_v3/2010-03-01 Mensaje Presidencial Fernandez.txt,17517a5f1f870861f11667f10c6e3edc463585ba5a4a6eebf3782a25fe451fa8,full_presidential_document,10,5,0,5,HCDN_NB17_v0_3,paternalismo↔tecnocracia,paternalismo+tecnocracia,PAT→TEC,PAT–TEC,paternalismo,tecnocracia,mesianismo,0.2064739884393063,0.1239306358381503,0.082543352601156,directed,masa léxica corregida por polaridad simétrica,False,0.0,False
2011-03-01 Mensaje Presidencial Fernandez.txt,Cristina Fernández de Kirchner,CFK_I_2007_2011,Cristina Fernández de Kirchner I (2007–2011),2011,apertura,corpus/processed/txt_analysis_ready_v3/2011-03-01 Mensaje Presidencial Fernandez.txt,958edc97a5d8680eefd5c705a77a40f9a311569d10a889ca8d65b31a8e1a4fd4,full_presidential_document,33,22,0,11,HCDN_NB17_v0_3,paternalismo+tecnocracia,paternalismo+tecnocracia,PAT→TEC,PAT–TEC,paternalismo,tecnocracia,mesianismo,0.3336416184971098,0.1239306358381503,0.2097109826589595,directed,masa léxica corregida por polaridad simétrica,False,0.0,True
Asunción.Cristina.2011.txt,Cristina Fernández de Kirchner,CFK_II_2011_2015,Cristina Fernández de Kirchner II (2011–2015),2011,apertura,corpus/processed/txt_analysis_ready_v3/Asunción.Cristina.2011.txt,efcc74f15e8586fed78a71cde616466ade437084fdcce6619b4cf62123fa94ac,full_presidential_document,9,7,1,1,HCDN_NB17_v0_3,tecnocracia↔paternalismo,mesianismo↔tecnocracia,MES↔TEC,MES–TEC,mesianismo,tecnocracia,paternalismo,0.1445086705202312,0.1239306358381503,0.0205780346820809,indeterminate,masa léxica corregida por polaridad simétrica,False,1.0,False
2012-03-01 Mensaje Presidencial Fernandez.txt,Cristina Fernández de Kirchner,CFK_II_2011_2015,Cristina Fernández de Kirchner II (2011–2015),2012,apertura,corpus/processed/txt_analysis_ready_v3/2012-03-01 Mensaje Presidencial Fernandez.txt,90a8ea2d63896c50ffe96e75c2440f7176d1b95443ec54d8c3e25a153ad6d5a9,full_presidential_document,23,13,0,10,HCDN_NB17_v0_3,paternalismo+tecnocracia,paternalismo+tecnocracia,PAT→TEC,PAT–TEC,paternalismo,tecnocracia,mesianismo,0.2064739884393063,0.1239306358381503,0.082543352601156,directed,masa léxica corregida por polaridad simétrica,False,0.0,True
2013-03-01_Asamblea_Legislativa-Fernandez.txt,Cristina Fernández de Kirchner,CFK_II_2011_2015,Cristina Fernández de Kirchner II (2011–2015),2013,apertura,corpus/processed/txt_analysis_ready_v3/2013-03-01_Asamblea_Legislativa-Fernandez.txt,41c1ac92e8cf4a52f250941f1f98abfca646a27cbb561150953585822b7901ea,full_presidential_document,42,21,0,21,HCDN_NB17_v0_3,paternalismo+tecnocracia,paternalismo+tecnocracia,PAT→TEC,PAT–TEC,paternalismo,tecnocracia,mesianismo,0.2064739884393063,0.1239306358381503,0.082543352601156,directed,masa léxica corregida por polaridad simétrica,False,0.0,False
2014-03-01_Asamblea_Legislativa-Fernandez.txt,Cristina Fernández de Kirchner,CFK_II_2011_2015,Cristina Fernández de Kirchner II (2011–2015),2014,apertura,corpus/processed/txt_analysis_ready_v3/2014-03-01_Asamblea_Legislativa-Fernandez.txt,7c735c0da02df64dbb16f7d8a8e54d4adaff8dca74632f75e1bbfebd152d8338,full_presidential_document,32,16,0,16,HCDN_NB17_v0_3,paternalismo↔tecnocracia,tecnocracia↔paternalismo,TEC↔PAT,PAT–TEC,tecnocracia,paternalismo,mesianismo,0.2091329479768786,0.2064739884393063,0.0026589595375722,indeterminate,masa léxica corregida por polaridad simétrica,False,0.0,True
2015-03-01_Asamblea_Legislativa-Fernandez.txt,Cristina Fernández de Kirchner,CFK_II_2011_2015,Cristina Fernández de Kirchner II (2011–2015),2015,apertura,corpus/processed/txt_analysis_ready_v3/2015-03-01_Asamblea_Legislativa-Fernandez.txt,3c48ab7e772e5f41fdb7f00a9221ffdfa469065d66313334a336bd5eb3d0a43d,full_presidential_document,38,18,0,20,HCDN_NB17_v0_3,paternalismo↔tecnocracia,paternalismo+tecnocracia,PAT→TEC,PAT–TEC,paternalismo,tecnocracia,mesianismo,0.2064739884393063,0.1239306358381503,0.082543352601156,directed,masa léxica corregida por polaridad simétrica,False,0.0,False
2015-12-10_Mensaje_Presidencial_Macri_Asuncixn.txt,Mauricio Macri,MACRI_2015_2019,Mauricio Macri (2015–2019),2015,apertura,corpus/processed/txt_analysis_ready_v3/2015-12-10_Mensaje_Presidencial_Macri_Asuncixn.txt,227f665398f0338ba4121e6eb1378dd993d85880dcfc039b395b63abc9fe2342,full_presidential_document,4,1,0,3,HCDN_NB17_v0_3,paternalismo↔tecnocracia,paternalismo+tecnocracia,PAT→TEC,PAT–TEC,paternalismo,tecnocracia,mesianismo,0.2064739884393063,0.0619653179190751,0.1445086705202312,directed,masa léxica corregida por polaridad simétrica,False,0.0,False
2016-03-01_Asamblea_Legislativa-Macri.txt,Mauricio Macri,MACRI_2015_2019,Mauricio Macri (2015–2019),2016,apertura,corpus/processed/txt_analysis_ready_v3/2016-03-01_Asamblea_Legislativa-Macri.txt,668d6e95ff5e4d996c5589a006155a7a2f6ade2afe69b4e5cd459e544014e4d9,full_presidential_document,14,10,0,4,HCDN_NB17_v0_3,paternalismo+tecnocracia,tecnocracia+paternalismo,TEC→PAT,PAT–TEC,tecnocracia,paternalismo,mesianismo,0.2091329479768786,0.0619653179190751,0.1471676300578034,directed,masa léxica corregida por polaridad simétrica,False,0.0,True
2017-03-01-Asamblea-Legislativa-Macri.txt,Mauricio Macri,MACRI_2015_2019,Mauricio Macri (2015–2019),2017,apertura,corpus/processed/txt_analysis_ready_v3/2017-03-01-Asamblea-Legislativa-Macri.txt,67e0f4f955655e94554e7e362f861ba05f2e0ca1f74fea8e5868b080eee72858,full_presidential_document,15,11,0,4,HCDN_NB17_v0_3,tecnocracia↔paternalismo,tecnocracia↔paternalismo,TEC↔PAT,PAT–TEC,tecnocracia,paternalismo,mesianismo,0.1239306358381503,0.1064739884393063,0.0174566473988439,indeterminate,masa léxica corregida por polaridad simétrica,False,0.0,False
01.03.2018As.txt,Mauricio Macri,MACRI_2015_2019,Mauricio Macri (2015–2019),2018,apertura,corpus/processed/txt_analysis_ready_v3/01.03.2018As.txt,1112898619f3fe3039ed635ba5290975f7f94c6bab396cfb514a4f57edc8f75f,full_presidential_document,3,2,0,1,HCDN_NB17_v0_3,paternalismo+tecnocracia,tecnocracia+paternalismo,TEC→PAT,PAT–TEC,tecnocracia,paternalismo,mesianismo,0.1471676300578034,0.0244797687861271,0.1226878612716763,directed,masa léxica corregida por polaridad simétrica,False,0.0,False
Mensaje Presidencial 2019.txt,Alberto Fernández,ALBERTOF_2019_2023,Alberto Fernández (2019–2023),2019,apertura,corpus/processed/txt_analysis_ready_v3/Mensaje Presidencial 2019.txt,81b855c1c1375eda57695be58a8e2659e005e776bcc6e31ad1bd57123be4824a,full_presidential_document,10,5,1,4,HCDN_NB17_v0_3,tecnocracia↔paternalismo,paternalismo+tecnocracia,PAT→TEC,PAT–TEC,paternalismo,tecnocracia,mesianismo,0.2064739884393063,0.1471676300578034,0.0593063583815028,directed,masa léxica corregida por polaridad simétrica,False,1.0,False
VT-01-03-2019-AS-00.txt,Mauricio Macri,MACRI_2015_2019,Mauricio Macri (2015–2019),2019,apertura,corpus/processed/txt_analysis_ready_v3/VT-01-03-2019-AS-00.txt,c4cea25e83e6ecdf51fa00f8e7d4f1313a63c83642f97365143c810dc1174316,full_presidential_document,7,5,1,1,HCDN_NB17_v0_3,paternalismo+tecnocracia,tecnocracia↔mesianismo,TEC↔MES,MES–TEC,tecnocracia,mesianismo,paternalismo,0.1471676300578034,0.1445086705202312,0.0026589595375722,indeterminate,masa léxica corregida por polaridad simétrica,False,1.0,False
Mensaje Presidencial 2020.txt,Alberto Fernández,ALBERTOF_2019_2023,Alberto Fernández (2019–2023),2020,apertura,corpus/processed/txt_analysis_ready_v3/Mensaje Presidencial 2020.txt,d1c765a0ac2b65881b3e0845f96a7da1d8590ce99efd33a6408b713809cbb840,full_presidential_document,19,10,0,9,HCDN_NB17_v0_3,tecnocracia↔paternalismo,paternalismo+tecnocracia,PAT→TEC,PAT–TEC,paternalismo,tecnocracia,mesianismo,0.2064739884393063,0.1471676300578034,0.0593063583815028,directed,masa léxica corregida por polaridad simétrica,False,0.0,False
Mensaje Presidencial 2021.txt,Alberto Fernández,ALBERTOF_2019_2023,Alberto Fernández (2019–2023),2021,apertura,corpus/processed/txt_analysis_ready_v3/Mensaje Presidencial 2021.txt,37f63e455ccc6fa32a7d2d913749abe0bc16d7daf07bbab9c931ffd386d8261f,full_presidential_document,17,8,0,9,HCDN_NB17_v0_3,paternalismo+tecnocracia,tecnocracia↔paternalismo,TEC↔PAT,PAT–TEC,tecnocracia,paternalismo,mesianismo,0.2091329479768786,0.2064739884393063,0.0026589595375722,indeterminate,masa léxica corregida por polaridad simétrica,False,0.0,False
Mensaje Presidencial 2022.txt,Alberto Fernández,ALBERTOF_2019_2023,Alberto Fernández (2019–2023),2022,apertura,corpus/processed/txt_analysis_ready_v3/Mensaje Presidencial 2022.txt,8aed394f38811fc40fb552e73faf82c0fd66914454d9f991bed2e4991f1cf680,full_presidential_document,22,11,1,10,HCDN_NB17_v0_3,paternalismo↔tecnocracia,paternalismo+tecnocracia,PAT→TEC,PAT–TEC,paternalismo,tecnocracia,mesianismo,0.2064739884393063,0.1239306358381503,0.082543352601156,directed,masa léxica corregida por polaridad simétrica,False,1.0,False
2024_Mensaje_Asamblea_Legislativa_Milei.txt,Javier Milei,MILEI_2023_PRESENTE,Javier Milei (2023–),2024,apertura,corpus/processed/txt_analysis_ready_v3/2024_Mensaje_Asamblea_Legislativa_Milei.txt,8273c39f929633192689d7dd4e54104f21ed073aaa7e7f8a6371d243d2ddcb0a,full_presidential_document,23,12,6,5,HCDN_NB17_v0_3,tecnocracia↔mesianismo,mesianismo+tecnocracia,MES→TEC,MES–TEC,mesianismo,tecnocracia,paternalismo,0.2890173410404624,0.2091329479768786,0.0798843930635837,directed,NB17 longitudinal exhaustivo; calibrador externo,False,0.4318181818181818,True
2025_Mensaje_Asamblea_Legislativa_Milei.txt,Javier Milei,MILEI_2023_PRESENTE,Javier Milei (2023–),2025,apertura,corpus/processed/txt_analysis_ready_v3/2025_Mensaje_Asamblea_Legislativa_Milei.txt,be63f3bfafaf36bea8b2fc1ef81d075e34def22d50dabb90c919da34e66b4e76,full_presidential_document,25,17,4,4,HCDN_NB17_v0_3,mesianismo+tecnocracia,mesianismo+tecnocracia,MES→TEC↺,MES–TEC,mesianismo,tecnocracia,paternalismo,0.2716763005780346,0.2091329479768786,0.062543352601156,directed,NB17 longitudinal exhaustivo; calibrador externo,True,0.8999999999999999,False
2026-Asamblea-Legislativa-Milei.txt,Javier Milei,MILEI_2023_PRESENTE,Javier Milei (2023–),2026,apertura,corpus/processed/txt_analysis_ready_v3/2026-Asamblea-Legislativa-Milei.txt,4c48c6241df4257f174d35fb700e5b230e19eea9a89a66359da4f71143b726c3,full_presidential_document,24,13,3,8,HCDN_NB17_v0_3,mesianismo+tecnocracia,mesianismo+tecnocracia,MES→TEC↺,MES–TEC,mesianismo,tecnocracia,paternalismo,0.2890173410404624,0.2091329479768786,0.0798843930635837,directed,NB17 longitudinal exhaustivo; calibrador externo,True,0.6804347826086957,False
